Workbook

Sheet 📊 Dashboard
A1: 🎓 SMART EVENT MANAGEMENT & RESOURCE ALLOCATION SYSTEM | Annual Tech Fest 2025
A3: 💰 Total Budget (₹) | E3: ✅ Budget Utilised | I3: 👥 Volunteers Active | M3: 📋 Tasks Completed
A6: =BudgetTracker!B2 -> 370000 | E6: =TEXT(BudgetTracker!H2,"0.0%") -> 76.8% | I6: =VolunteerAllocation!H2 -> 8 | M6: =TEXT(TaskTracker!I2,"0%") -> 30%
A9: 📊 Budget Allocated vs Spent | H9: 🍩 Task Status Distribution | N9: ⚡ Quick Stats
N10: Total Tasks
N11: =COUNTA(TaskTracker!B4:B100) -> 10
N12: Overdue Tasks
N13: =COUNTIF(TaskTracker!G:G,"Overdue") -> 1
N14: Total Volunteers
N15: =COUNTA(VolunteerAllocation!A4:A100) -> 10
N16: Resources Pending
N17: =COUNTIF(ResourcePlanning!J4:J100,"Pending") -> 3
N18: Budget Remaining (₹)
N19: =BudgetTracker!G10 -> 86000
N20: Avg Task Completion
N21: =TEXT(TaskTracker!I2,"0%") -> 30%
A27: 👤 Volunteer Role Coverage
A28: Role | B28: Required | C28: Assigned | D28: Gap | E28: Util% | F28: Status
A29: Stage Manager | B29: 5 | C29: 4 | D29: =C29-B29 -> -1 | E29: =IFERROR(C29/B29,0) -> 0.8 | F29: ⚠️ Short
A30: Registration | B30: 8 | C30: 8 | D30: =C30-B30 -> 0 | E30: =IFERROR(C30/B30,0) -> 1 | F30: ✅ Full
A31: Logistics | B31: 6 | C31: 5 | D31: =C31-B31 -> -1 | E31: =IFERROR(C31/B31,0) -> 0.83333333 | F31: ⚠️ Short
A32: AV & Tech | B32: 4 | C32: 3 | D32: =C32-B32 -> -1 | E32: =IFERROR(C32/B32,0) -> 0.75 | F32: ⚠️ Short
A33: Security | B33: 10 | C33: 10 | D33: =C33-B33 -> 0 | E33: =IFERROR(C33/B33,0) -> 1 | F33: ✅ Full
A34: Hospitality | B34: 6 | C34: 4 | D34: =C34-B34 -> -2 | E34: =IFERROR(C34/B34,0) -> 0.66666667 | F34: 🔴 Critical
A35: Prizes | B35: 50000 | C35: 42000
A36: Misc | B36: 20000 | C36: 8500

Sheet BudgetTracker
A1: 💰 BUDGET TRACKER – Annual Tech Fest 2025
B2: 370000 | H2: =IFERROR(SUM(F4:F9)/B2,0) -> 0.76756757
A3: # | B3: Event | C3: Category | D3: Allocated (₹) | E3: Invoice # | F3: Spent (₹) | G3: Remaining (₹) | H3: % Used | I3: Status | J3: Notes | L3: Category | M3: Allocated | N3: Spent
A4: 1 | B4: Annual Tech Fest | C4: Venue & Logistics | D4: 150000 | E4: INV-001 | F4: 112000 | G4: =D4-F4 -> 38000 | H4: =IFERROR(F4/D4,0) -> 0.74666667 | I4: Paid | L4: Venue & Logistics | M4: 150000 | N4: 112000
A5: 2 | B5: Annual Tech Fest | C5: Food & Catering | D5: 80000 | E5: INV-002 | F5: 65000 | G5: =D5-F5 -> 15000 | H5: =IFERROR(F5/D5,0) -> 0.8125 | I5: Paid | L5: Food & Catering | M5: 80000 | N5: 65000
A6: 3 | B6: Annual Tech Fest | C6: Decoration | D6: 40000 | E6: INV-003 | F6: 38500 | G6: =D6-F6 -> 1500 | H6: =IFERROR(F6/D6,0) -> 0.9625 | I6: Partial | L6: Decoration | M6: 40000 | N6: 38500
A7: 4 | B7: Annual Tech Fest | C7: Marketing & Promo | D7: 30000 | E7: INV-004 | F7: 18000 | G7: =D7-F7 -> 12000 | H7: =IFERROR(F7/D7,0) -> 0.6 | I7: Pending | L7: Marketing & Promo | M7: 30000 | N7: 18000
A8: 5 | B8: Annual Tech Fest | C8: Prizes & Awards | D8: 50000 | E8: INV-005 | F8: 42000 | G8: =D8-F8 -> 8000 | H8: =IFERROR(F8/D8,0) -> 0.84 | I8: Paid | L8: Prizes & Awards | M8: 50000 | N8: 42000
A9: 6 | B9: Annual Tech Fest | C9: Miscellaneous | D9: 20000 | E9: INV-006 | F9: 8500 | G9: =D9-F9 -> 11500 | H9: =IFERROR(F9/D9,0) -> 0.425 | I9: Pending | L9: Miscellaneous | M9: 20000 | N9: 8500
A10: TOTAL | D10: =SUM(D4:D9) -> 370000 | F10: =SUM(F4:F9) -> 284000 | G10: =D10-F10 -> 86000 | H10: =IFERROR(F10/D10,0) -> 0.76756757
L12: Status | M12: Count
L13: Paid | M13: =COUNTIF(I4:I9,L13) -> 3
L14: Pending | M14: =COUNTIF(I4:I9,L14) -> 2
L15: Partial | M15: =COUNTIF(I4:I9,L15) -> 1

Sheet VolunteerAllocation
A1: 👥 VOLUNTEER ALLOCATION – Annual Tech Fest 2025
H2: =COUNTIF(D4:D50,"Assigned") -> 8
A3: ID | B3: Name | C3: Dept | D3: Status | E3: Role | F3: Shift | G3: Check-In | H3: Check-Out | I3: Hours | J3: Event | K3: Notes | M3: Role | N3: Count | P3: Status | Q3: Count
A4: V001 | B4: Arjun Sharma | C4: Engineering | D4: Assigned | E4: Stage Manager | F4: Morning | G4: 08:00 | H4: 14:00 | I4: =IFERROR((TIMEVALUE(H4)-TIMEVALUE(G4))*24,0) -> 6 | J4: Annual Tech Fest | M4: Stage Manager | N4: =COUNTIF(E4:E13,M4) -> 1 | P4: Assigned | Q4: =COUNTIF(D4:D13,P4) -> 8
A5: V002 | B5: Priya Nair | C5: Arts | D5: Assigned | E5: Decoration | F5: Afternoon | G5: 13:00 | H5: 19:00 | I5: =IFERROR((TIMEVALUE(H5)-TIMEVALUE(G5))*24,0) -> 6 | J5: Annual Tech Fest | M5: Decoration | N5: =COUNTIF(E4:E13,M5) -> 1 | P5: Standby | Q5: =COUNTIF(D4:D13,P5) -> 1
A6: V003 | B6: Rohan Mehta | C6: Commerce | D6: Assigned | E6: Registration | F6: Morning | G6: 07:30 | H6: 13:30 | I6: =IFERROR((TIMEVALUE(H6)-TIMEVALUE(G6))*24,0) -> 6 | J6: Annual Tech Fest | M6: Registration | N6: =COUNTIF(E4:E13,M6) -> 2 | P6: Absent | Q6: =COUNTIF(D4:D13,P6) -> 1
A7: V004 | B7: Sneha Patel | C7: Science | D7: Standby | E7: AV & Tech | F7: Evening | G7: 18:00 | H7: 22:00 | I7: =IFERROR((TIMEVALUE(H7)-TIMEVALUE(G7))*24,0) -> 4 | J7: Annual Tech Fest | M7: AV & Tech | N7: =COUNTIF(E4:E13,M7) -> 2
A8: V005 | B8: Kiran Rao | C8: Engineering | D8: Assigned | E8: Logistics | F8: Morning | G8: 08:00 | H8: 16:00 | I8: =IFERROR((TIMEVALUE(H8)-TIMEVALUE(G8))*24,0) -> 8 | J8: Annual Tech Fest | M8: Logistics | N8: =COUNTIF(E4:E13,M8) -> 1
A9: V006 | B9: Divya Iyer | C9: Medical | D9: Assigned | E9: Hospitality | F9: Afternoon | G9: 12:00 | H9: 20:00 | I9: =IFERROR((TIMEVALUE(H9)-TIMEVALUE(G9))*24,0) -> 8 | J9: Annual Tech Fest | M9: Hospitality | N9: =COUNTIF(E4:E13,M9) -> 2
A10: V007 | B10: Aditya Kumar | C10: Law | D10: Assigned | E10: Security | F10: Full Day | G10: 07:00 | H10: 21:00 | I10: =IFERROR((TIMEVALUE(H10)-TIMEVALUE(G10))*24,0) -> 14 | J10: Annual Tech Fest | M10: Security | N10: =COUNTIF(E4:E13,M10) -> 1
A11: V008 | B11: Meera Joshi | C11: Architecture | D11: Assigned | E11: Registration | F11: Morning | G11: 07:30 | H11: 13:30 | I11: =IFERROR((TIMEVALUE(H11)-TIMEVALUE(G11))*24,0) -> 6 | J11: Annual Tech Fest
A12: V009 | B12: Siddharth Roy | C12: Engineering | D12: Absent | E12: AV & Tech | F12: Morning | G12: 08:00 | H12: 14:00 | I12: =IFERROR((TIMEVALUE(H12)-TIMEVALUE(G12))*24,0) -> 6 | J12: Annual Tech Fest
A13: V010 | B13: Ananya Singh | C13: Commerce | D13: Assigned | E13: Hospitality | F13: Evening | G13: 17:00 | H13: 22:00 | I13: =IFERROR((TIMEVALUE(H13)-TIMEVALUE(G13))*24,0) -> 5 | J13: Annual Tech Fest

Sheet TaskTracker
A1: 📋 TASK TRACKER – Annual Tech Fest 2025
I2: =IFERROR(COUNTIF(G4:G100,"Completed")/COUNTA(G4:G100),0) -> 0.3
A3: ID | B3: Task Name | C3: Owner | D3: Category | E3: Start | F3: Due Date | G3: Status | H3: Priority | I3: % Done | J3: Dependency | K3: Remarks | L3: Notes | N3: Status | O3: Count
A4: T001 | B4: Book Auditorium & Stage | C4: Arjun Sharma | D4: Venue | E4: 01-Sep | F4: 10-Sep | G4: Completed | H4: High | I4: 1 | J4: — | K4: Venue confirmed | N4: Not Started | O4: =COUNTIF(G4:G100,N4) -> 3
A5: T002 | B5: Design Posters & Banners | C5: Priya Nair | D5: Marketing | E5: 05-Sep | F5: 12-Sep | G5: Completed | H5: High | I5: 1 | J5: T001 | K5: Printed | N5: In Progress | O5: =COUNTIF(G4:G100,N5) -> 3
A6: T003 | B6: Online Participant Registration | C6: Rohan Mehta | D6: Registration | E6: 08-Sep | F6: 20-Sep | G6: In Progress | H6: High | I6: 0.7 | J6: — | K6: Portal open | N6: Completed | O6: =COUNTIF(G4:G100,N6) -> 3
A7: T004 | B7: Coordinate AV Equipment | C7: Siddharth Roy | D7: Technical | E7: 10-Sep | F7: 14-Sep | G7: Overdue | H7: High | I7: 0.4 | J7: T001 | K7: Escalated | N7: Overdue | O7: =COUNTIF(G4:G100,N7) -> 1
A8: T005 | B8: Arrange Food & Catering | C8: Divya Iyer | D8: Catering | E8: 10-Sep | F8: 18-Sep | G8: In Progress | H8: Medium | I8: 0.6 | J8: — | K8: Caterer confirmed | N8: On Hold | O8: =COUNTIF(G4:G100,N8) -> 0
A9: T006 | B9: Prize Distribution Plan | C9: Aditya Kumar | D9: Coordination | E9: 12-Sep | F9: 15-Sep | G9: Completed | H9: Medium | I9: 1 | J9: — | K9: Done
A10: T007 | B10: Social Media Campaign | C10: Meera Joshi | D10: Marketing | E10: 14-Sep | F10: 20-Sep | G10: In Progress | H10: Medium | I10: 0.5 | J10: T002 | K10: Running | N10: Priority | O10: Count
A11: T008 | B11: Volunteer Briefing Session | C11: Kiran Rao | D11: Logistics | E11: 18-Sep | F11: 19-Sep | G11: Not Started | H11: High | I11: 0 | J11: — | K11: Scheduled | N11: High | O11: =COUNTIF(H4:H100,N11) -> 6
A12: T009 | B12: Event Day Setup & Rehearsal | C12: Arjun Sharma | D12: Operations | E12: 20-Sep | F12: 20-Sep | G12: Not Started | H12: High | I12: 0 | J12: T008 | N12: Medium | O12: =COUNTIF(H4:H100,N12) -> 3
A13: T010 | B13: Post-Event Report | C13: Sneha Patel | D13: Reporting | E13: 21-Sep | F13: 25-Sep | G13: Not Started | H13: Low | I13: 0 | J13: T009 | N13: Low | O13: =COUNTIF(H4:H100,N13) -> 1

Sheet ResourcePlanning
A1: 🗂️ RESOURCE PLANNING – Annual Tech Fest 2025
A3: # | B3: Item | C3: Category | D3: Needed | E3: Available | F3: Shortfall | G3: Unit (₹) | H3: Total (₹) | I3: Supplier | J3: Status | L3: Item | M3: Needed | N3: Available
A4: 1 | B4: Folding Chairs | C4: Furniture | D4: 200 | E4: 180 | F4: =MAX(D4-E4,0) -> 20 | G4: 150 | H4: =D4*G4 -> 30000 | I4: BK Traders | J4: Pending | L4: Folding Chairs | M4: 200 | N4: 180
A5: 2 | B5: Round Tables | C5: Furniture | D5: 30 | E5: 30 | F5: =MAX(D5-E5,0) -> 0 | G5: 800 | H5: =D5*G5 -> 24000 | I5: BK Traders | J5: Confirmed | L5: Round Tables | M5: 30 | N5: 30
A6: 3 | B6: Projectors | C6: AV Equipment | D6: 5 | E6: 4 | F6: =MAX(D6-E6,0) -> 1 | G6: 2500 | H6: =D6*G6 -> 12500 | I6: TechRent Co | J6: Partial | L6: Projectors | M6: 5 | N6: 4
A7: 4 | B7: Microphones | C7: AV Equipment | D7: 10 | E7: 8 | F7: =MAX(D7-E7,0) -> 2 | G7: 500 | H7: =D7*G7 -> 5000 | I7: SoundPro | J7: Partial | L7: Microphones | M7: 10 | N7: 8
A8: 5 | B8: Extension Cords | C8: Electrical | D8: 25 | E8: 25 | F8: =MAX(D8-E8,0) -> 0 | G8: 200 | H8: =D8*G8 -> 5000 | I8: ElectroMart | J8: Confirmed | L8: Extension Cords | M8: 25 | N8: 25
A9: 6 | B9: LED Lights | C9: Decoration | D9: 50 | E9: 40 | F9: =MAX(D9-E9,0) -> 10 | G9: 350 | H9: =D9*G9 -> 17500 | I9: LightHouse | J9: Pending | L9: LED Lights | M9: 50 | N9: 40
A10: 7 | B10: Banners (6x4 ft) | C10: Marketing | D10: 15 | E10: 15 | F10: =MAX(D10-E10,0) -> 0 | G10: 700 | H10: =D10*G10 -> 10500 | I10: PrintFast | J10: Confirmed | L10: Banners (6x4 ft) | M10: 15 | N10: 15
A11: 8 | B11: First Aid Kits | C11: Safety | D11: 5 | E11: 5 | F11: =MAX(D11-E11,0) -> 0 | G11: 400 | H11: =D11*G11 -> 2000 | I11: MediStore | J11: Confirmed | L11: First Aid Kits | M11: 5 | N11: 5
A12: 9 | B12: Water Dispensers | C12: Catering | D12: 8 | E12: 6 | F12: =MAX(D12-E12,0) -> 2 | G12: 1200 | H12: =D12*G12 -> 9600 | I12: AquaServ | J12: Pending | L12: Water Dispensers | M12: 8 | N12: 6
A13: 10 | B13: Laptops | C13: AV Equipment | D13: 4 | E13: 3 | F13: =MAX(D13-E13,0) -> 1 | G13: 0 | H13: =D13*G13 -> 0 | I13: College IT | J13: Partial | L13: Laptops | M13: 4 | N13: 3
A14: TOTAL | H14: =SUM(H4:H13) -> 116100
L16: Category | M16: Total Cost
L17: Furniture | M17: 54000
L18: AV Equipment | M18: 17500
L19: Electrical | M19: 5000
L20: Decoration | M20: 17500
L21: Marketing | M21: 10500
L22: Safety | M22: 2000
L23: Catering | M23: 9600

Sheet 📈 Pivot Summary
A1: 📈 PIVOT SUMMARY – INSIGHTS & ANALYTICS
A3: Budget Utilisation by Category | G3: Task & Volunteer Summary
A4: Category | B4: Allocated | C4: Spent | D4: Remaining | E4: % Used | G4: Item | H4: Count | I4: % | J4: Color
A5: Venue & Logistics | B5: =IFERROR(INDEX(BudgetTracker!D$4:D$9,MATCH(A5,BudgetTracker!C$4:C$9,0)),0) -> 150000 | C5: =IFERROR(INDEX(BudgetTracker!F$4:F$9,MATCH(A5,BudgetTracker!C$4:C$9,0)),0) -> 112000 | D5: =B5-C5 -> 38000 | E5: =IFERROR(C5/B5,0) -> 0.74666667 | G5: Tasks: Completed | H5: =COUNTIF(TaskTracker!G:G,"Completed") -> 3 | I5: =IFERROR(H5/SUM(H5:H10),0) -> 0.15789474 | J5: 1E8449
A6: Food & Catering | B6: =IFERROR(INDEX(BudgetTracker!D$4:D$9,MATCH(A6,BudgetTracker!C$4:C$9,0)),0) -> 80000 | C6: =IFERROR(INDEX(BudgetTracker!F$4:F$9,MATCH(A6,BudgetTracker!C$4:C$9,0)),0) -> 65000 | D6: =B6-C6 -> 15000 | E6: =IFERROR(C6/B6,0) -> 0.8125 | G6: Tasks: Overdue | H6: =COUNTIF(TaskTracker!G:G,"Overdue") -> 1 | I6: =IFERROR(H6/SUM(H5:H10),0) -> 0.052631579 | J6: C0392B
A7: Decoration | B7: =IFERROR(INDEX(BudgetTracker!D$4:D$9,MATCH(A7,BudgetTracker!C$4:C$9,0)),0) -> 40000 | C7: =IFERROR(INDEX(BudgetTracker!F$4:F$9,MATCH(A7,BudgetTracker!C$4:C$9,0)),0) -> 38500 | D7: =B7-C7 -> 1500 | E7: =IFERROR(C7/B7,0) -> 0.9625 | G7: Tasks: In Progress | H7: =COUNTIF(TaskTracker!G:G,"In Progress") -> 3 | I7: =IFERROR(H7/SUM(H5:H10),0) -> 0.15789474 | J7: 0D7377
A8: Marketing & Promo | B8: =IFERROR(INDEX(BudgetTracker!D$4:D$9,MATCH(A8,BudgetTracker!C$4:C$9,0)),0) -> 30000 | C8: =IFERROR(INDEX(BudgetTracker!F$4:F$9,MATCH(A8,BudgetTracker!C$4:C$9,0)),0) -> 18000 | D8: =B8-C8 -> 12000 | E8: =IFERROR(C8/B8,0) -> 0.6 | G8: Vols: Assigned | H8: =COUNTIF(VolunteerAllocation!D:D,"Assigned") -> 8 | I8: =IFERROR(H8/SUM(H5:H10),0) -> 0.42105263 | J8: 1E8449
A9: Prizes & Awards | B9: =IFERROR(INDEX(BudgetTracker!D$4:D$9,MATCH(A9,BudgetTracker!C$4:C$9,0)),0) -> 50000 | C9: =IFERROR(INDEX(BudgetTracker!F$4:F$9,MATCH(A9,BudgetTracker!C$4:C$9,0)),0) -> 42000 | D9: =B9-C9 -> 8000 | E9: =IFERROR(C9/B9,0) -> 0.84 | G9: Vols: Absent | H9: =COUNTIF(VolunteerAllocation!D:D,"Absent") -> 1 | I9: =IFERROR(H9/SUM(H5:H10),0) -> 0.052631579 | J9: C0392B
A10: Miscellaneous | B10: =IFERROR(INDEX(BudgetTracker!D$4:D$9,MATCH(A10,BudgetTracker!C$4:C$9,0)),0) -> 20000 | C10: =IFERROR(INDEX(BudgetTracker!F$4:F$9,MATCH(A10,BudgetTracker!C$4:C$9,0)),0) -> 8500 | D10: =B10-C10 -> 11500 | E10: =IFERROR(C10/B10,0) -> 0.425 | G10: Resources: Pending | H10: =COUNTIF(ResourcePlanning!J4:J100,"Pending") -> 3 | I10: =IFERROR(H10/SUM(H5:H10),0) -> 0.15789474 | J10: D35400
